Timestamp,Name,Duration(ms),Status,PayloadSize,AdditionalInfo
2026-09-08T17:15:21.519Z,TTFB,3966.80,success,,Page: / | Rating: poor | ID: v4-1788887720298-5505874282663 | Network: 4g (10Mbps)
2026-09-08T17:15:22.005Z,LCP,5600.00,success,,Page: / | Rating: poor | ID: v4-1788887720300-3792010313375 | Network: 4g (10Mbps)
2026-09-08T17:15:22.005Z,FID,17.70,success,,Page: / | Rating: good | ID: v4-1788887720297-8396798298956 | Network: 4g (10Mbps)
2026-09-08T17:15:22.005Z,FID,17.70,success,,Page: / | Rating: good | ID: v4-1788887720300-3378619419888 | Network: 4g (10Mbps)
2026-09-08T17:15:22.006Z,LCP,5600.00,success,,Page: / | Rating: poor | ID: v4-1788887720297-1168593816591 | Network: 4g (10Mbps)
2026-09-08T17:15:22.220Z,FID,17.70,success,,Page: /login | Rating: good | ID: v4-1788887722171-2149021784938 | Network: 4g (10Mbps)
2026-09-08T17:15:22.220Z,FCP,4484.00,success,,Page: /login | Rating: poor | ID: v4-1788887722171-1692157648594 | Network: 4g (10Mbps)
2026-09-08T17:15:22.220Z,TTFB,3966.80,success,,Page: /login | Rating: poor | ID: v4-1788887722171-3033546934083 | Network: 4g (10Mbps)
2026-09-08T17:15:23.732Z,LCP,5600.00,success,,Page: /login | Rating: poor | ID: v4-1788887722171-7340252579829 | Network: 4g (10Mbps)
2026-09-08T17:15:24.265Z,INP,64.00,success,,Page: / | Rating: good | ID: v4-1788887720298-5738372535651 | Network: 4g (10Mbps)
2026-09-08T17:15:24.266Z,INP,64.00,success,,Page: / | Rating: good | ID: v4-1788887720300-1519523831031 | Network: 4g (10Mbps)
2026-09-08T17:15:24.266Z,INP,64.00,success,,Page: /login | Rating: good | ID: v4-1788887722171-5458775164165 | Network: 4g (10Mbps)
2026-09-08T17:15:24.266Z,CLS,0.00,success,,Page: /login | Rating: good | ID: v4-1788887722177-5155483521922 | Network: 4g (10Mbps)
2026-09-08T17:15:24.266Z,CLS,0.00,success,,Page: / | Rating: good | ID: v4-1788887720307-6180068428215 | Network: 4g (10Mbps)
2026-09-08T17:15:24.266Z,CLS,0.00,success,,Page: / | Rating: good | ID: v4-1788887720307-3381197817853 | Network: 4g (10Mbps)
2026-09-08T17:15:33.530Z,FID,17.70,success,,Page: /redirect-login | Rating: good | ID: v4-1788887733494-4180156704384 | Network: 4g (10Mbps)
2026-09-08T17:15:33.531Z,FCP,4484.00,success,,Page: /redirect-login | Rating: poor | ID: v4-1788887733494-7621111101571 | Network: 4g (10Mbps)
2026-09-08T17:15:33.540Z,TTFB,3966.80,success,,Page: /redirect-login | Rating: poor | ID: v4-1788887733494-2349285670814 | Network: 4g (10Mbps)
2026-09-08T17:15:35.126Z,FID,17.70,success,,Page: /inventario | Rating: good | ID: v4-1788887735087-8701916225319 | Network: 4g (10Mbps)
2026-09-08T17:15:35.126Z,FCP,4484.00,success,,Page: /inventario | Rating: poor | ID: v4-1788887735087-1565009132255 | Network: 4g (10Mbps)
2026-09-08T17:15:35.126Z,TTFB,3966.80,success,,Page: /inventario | Rating: poor | ID: v4-1788887735087-7348116401756 | Network: 4g (10Mbps)
2026-09-08T17:15:38.771Z,LCP,5600.00,success,,Page: /inventario | Rating: poor | ID: v4-1788887735087-8481289082893 | Network: 4g (10Mbps)
2026-09-08T17:15:38.771Z,LCP,5600.00,success,,Page: /redirect-login | Rating: poor | ID: v4-1788887733494-2945123527092 | Network: 4g (10Mbps)
2026-09-08T17:15:39.054Z,FID,17.70,success,,Page: /lista-della-spesa | Rating: good | ID: v4-1788887739005-4767229666149 | Network: 4g (10Mbps)
2026-09-08T17:15:39.054Z,TTFB,3966.80,success,,Page: /lista-della-spesa | Rating: poor | ID: v4-1788887739005-3912249577976 | Network: 4g (10Mbps)
2026-09-08T17:15:39.054Z,FCP,4484.00,success,,Page: /lista-della-spesa | Rating: poor | ID: v4-1788887739005-2136532878691 | Network: 4g (10Mbps)
2026-09-08T17:15:43.841Z,LCP,5600.00,success,,Page: /lista-della-spesa | Rating: poor | ID: v4-1788887739005-2690523346512 | Network: 4g (10Mbps)
2026-09-08T17:15:44.706Z,FID,17.70,success,,Page: /ricette-ai | Rating: good | ID: v4-1788887744078-6800497027706 | Network: 4g (10Mbps)
2026-09-08T17:15:44.706Z,TTFB,3966.80,success,,Page: /ricette-ai | Rating: poor | ID: v4-1788887744078-2907083001235 | Network: 4g (10Mbps)
2026-09-08T17:15:44.707Z,FCP,4484.00,success,,Page: /ricette-ai | Rating: poor | ID: v4-1788887744078-5257188805787 | Network: 4g (10Mbps)
2026-09-08T17:15:45.597Z,LCP,5600.00,success,,Page: /ricette-ai | Rating: poor | ID: v4-1788887744078-5995540495198 | Network: 4g (10Mbps)
2026-09-08T17:16:01.204Z,INP,80.00,success,,Page: / | Rating: good | ID: v4-1788887720298-5738372535651 | Network: 4g (10Mbps)
2026-09-08T17:16:01.247Z,INP,80.00,success,,Page: / | Rating: good | ID: v4-1788887720300-1519523831031 | Network: 4g (10Mbps)
2026-09-08T17:16:01.247Z,CLS,0.01,success,,Page: / | Rating: good | ID: v4-1788887720307-3381197817853 | Network: 4g (10Mbps)
2026-09-08T17:16:01.248Z,CLS,0.01,success,,Page: / | Rating: good | ID: v4-1788887720307-6180068428215 | Network: 4g (10Mbps)
2026-09-08T17:16:01.250Z,INP,80.00,success,,Page: /login | Rating: good | ID: v4-1788887722171-5458775164165 | Network: 4g (10Mbps)
2026-09-08T17:16:01.254Z,CLS,0.01,success,,Page: /login | Rating: good | ID: v4-1788887722177-5155483521922 | Network: 4g (10Mbps)
2026-09-08T17:16:01.256Z,INP,80.00,success,,Page: /redirect-login | Rating: good | ID: v4-1788887733494-5346064377171 | Network: 4g (10Mbps)
2026-09-08T17:16:01.270Z,CLS,0.01,success,,Page: /redirect-login | Rating: good | ID: v4-1788887733507-7059963009547 | Network: 4g (10Mbps)
2026-09-08T17:16:01.270Z,INP,80.00,success,,Page: /inventario | Rating: good | ID: v4-1788887735087-3001768941987 | Network: 4g (10Mbps)
2026-09-08T17:16:01.273Z,CLS,0.01,success,,Page: /inventario | Rating: good | ID: v4-1788887735092-4172623601015 | Network: 4g (10Mbps)
2026-09-08T17:16:01.276Z,INP,80.00,success,,Page: /lista-della-spesa | Rating: good | ID: v4-1788887739005-3003641597816 | Network: 4g (10Mbps)
2026-09-08T17:16:01.279Z,CLS,0.01,success,,Page: /lista-della-spesa | Rating: good | ID: v4-1788887739010-1039406619003 | Network: 4g (10Mbps)
2026-09-08T17:16:01.279Z,INP,80.00,success,,Page: /ricette-ai | Rating: good | ID: v4-1788887744078-7714443078718 | Network: 4g (10Mbps)
2026-09-08T17:16:01.287Z,CLS,0.01,success,,Page: /ricette-ai | Rating: good | ID: v4-1788887744082-3714854502660 | Network: 4g (10Mbps)
